{
  "code": 200,
  "responseStatus": "Success",
  "correlationId": "1c7677cb-f8e9-470e-acd8-28b4ca0aed2b",
  "securityToken": "fd1cd5e3zti88fuc7fe464j6a3s0a219e014fc801b83",
  "timestamp": "2025-07-21 16:58:02",
  "data": {
    "confirmationNumber": "8Z759X",
    "bookingNumber": "27534676",
    "totalAmount": "11404.8",
    "currency": "THB",
    "status": "No Payment",
    "bookDate": "2025-07-21 16:57:12",
    "holdTimeExpiredDate": "0001-01-01 07:00:00",
    "airlines": [
      {
        "origin": "DMK",
        "destination": "CNX",
        "departureTime": "2025-08-10 05:15:00",
        "arrivalTime": "2025-08-10 06:30:00",
        "originName": "BANGKOK DON MUEANG INTERNATIONAL AIRPORT",
        "destinationName": "Chiang Mai International Airport",
        "travelInfos": [
          {
            "origin": "DMK",
            "destination": "CNX",
            "originName": "BANGKOK DON MUEANG INTERNATIONAL AIRPORT",
            "destinationName": "Chiang Mai International Airport",
            "departureTime": "2025-08-10 05:15:00",
            "arrivalTime": "2025-08-10 06:30:00",
            "flightNumber": "DD122",
            "duration": "1h15m"
          }
        ],
        "passengerDetails": [
          {
            "paxNumber": 1,
            "passengerType": "Adult",
            "title": "MR",
            "firstName": "ANUKUL",
            "lastName": "TEST",
            "middleName": "",
            "age": 38,
            "dateOfBirth": "1987-05-12",
            "mobilePhone": "+66916548569",
            "email": "cancelgo25@gmail.com",
            "isPrimary": true,
            "gender": "Male",
            "passportNumber": "",
            "expirationDate": "",
            "issueCountry": "",
            "nationality": "",
            "seatSelect": "1A",
            "fareType": "NOK LITE",
            "fareBasisCode": "URALIT00",
            "pricingDetails": {
              "fareAmount": "886.92",
              "fareVat": "62.08",
              "fareAmountIncludingTax": "1588.10",
              "taxesAndFees": [
                {
                  "taxCode": "AT",
                  "taxName": "AT: Airport Tax 130 THB for DOM",
                  "amount": "130.00",
                  "isSSR": false,
                  "vat": "9.1"
                },
                {
                  "taxCode": "VAT",
                  "taxName": "VAT: VAT",
                  "amount": "103.89",
                  "isSSR": false,
                  "vat": "0.00"
                },
                {
                  "taxCode": "S500",
                  "taxName": "NOK PREMIUM SEAT FRONT ROW",
                  "amount": "467.29",
                  "isSSR": true,
                  "vat": "32.71"
                }
              ]
            },
            "fareBrand": "Lite",
            "baggageAllowance": "7kg cabin only",
            "hotelName": "Nimman Chiang Mai Hotel",
            "roomNumber": "201",
            "taxiCode": "TXCNX001"
          },
          {
            "paxNumber": 2,
            "passengerType": "Adult",
            "title": "MS",
            "firstName": "PAWEENA",
            "lastName": "TEST",
            "middleName": "",
            "age": 38,
            "dateOfBirth": "1987-01-12",
            "mobilePhone": "",
            "email": "",
            "isPrimary": false,
            "gender": "Male",
            "passportNumber": "",
            "expirationDate": "",
            "issueCountry": "",
            "nationality": "",
            "seatSelect": "1B",
            "fareType": "NOK LITE",
            "fareBasisCode": "URALIT00",
            "pricingDetails": {
              "fareAmount": "886.92",
              "fareVat": "62.08",
              "fareAmountIncludingTax": "1588.10",
              "taxesAndFees": [
                {
                  "taxCode": "AT",
                  "taxName": "AT: Airport Tax 130 THB for DOM",
                  "amount": "130.00",
                  "isSSR": false,
                  "vat": "9.1"
                },
                {
                  "taxCode": "VAT",
                  "taxName": "VAT: VAT",
                  "amount": "103.89",
                  "isSSR": false,
                  "vat": "0.00"
                },
                {
                  "taxCode": "S500",
                  "taxName": "NOK PREMIUM SEAT FRONT ROW",
                  "amount": "467.29",
                  "isSSR": true,
                  "vat": "32.71"
                }
              ]
            },
            "fareBrand": "Lite",
            "baggageAllowance": "7kg cabin only",
            "hotelName": "Nimman Chiang Mai Hotel",
            "roomNumber": "202",
            "taxiCode": "TXCNX001"
          },
          {
            "paxNumber": 3,
            "passengerType": "Child",
            "title": "MR",
            "firstName": "RATIMA",
            "lastName": "TEST",
            "middleName": "",
            "age": 12,
            "dateOfBirth": "2013-05-12",
            "mobilePhone": "",
            "email": "",
            "isPrimary": false,
            "gender": "Male",
            "passportNumber": "",
            "expirationDate": "",
            "issueCountry": "",
            "nationality": "",
            "seatSelect": "3C",
            "fareType": "NOK LITE",
            "fareBasisCode": "URALIT00",
            "pricingDetails": {
              "fareAmount": "886.92",
              "fareVat": "62.08",
              "fareAmountIncludingTax": "1438.10",
              "taxesAndFees": [
                {
                  "taxCode": "AT",
                  "taxName": "AT: Airport Tax 130 THB for DOM",
                  "amount": "130.00",
                  "isSSR": false,
                  "vat": "9.1"
                },
                {
                  "taxCode": "VAT",
                  "taxName": "VAT: VAT",
                  "amount": "94.08",
                  "isSSR": false,
                  "vat": "0.00"
                },
                {
                  "taxCode": "S300",
                  "taxName": "NOK PREMIUM SEAT",
                  "amount": "327.10",
                  "isSSR": true,
                  "vat": "22.9"
                }
              ]
            },
            "fareBrand": "Lite",
            "baggageAllowance": "7kg cabin only",
            "hotelName": "Nimman Chiang Mai Hotel",
            "roomNumber": "203",
            "taxiCode": "TXCNX001"
          },
          {
            "paxNumber": 4,
            "passengerType": "Child",
            "title": "MR",
            "firstName": "RATIYA",
            "lastName": "TEST",
            "middleName": "",
            "age": 12,
            "dateOfBirth": "2013-05-12",
            "mobilePhone": "",
            "email": "",
            "isPrimary": false,
            "gender": "Male",
            "passportNumber": "",
            "expirationDate": "",
            "issueCountry": "",
            "nationality": "",
            "seatSelect": "3H",
            "fareType": "NOK LITE",
            "fareBasisCode": "URALIT00",
            "pricingDetails": {
              "fareAmount": "886.92",
              "fareVat": "62.08",
              "fareAmountIncludingTax": "1438.10",
              "taxesAndFees": [
                {
                  "taxCode": "AT",
                  "taxName": "AT: Airport Tax 130 THB for DOM",
                  "amount": "130.00",
                  "isSSR": false,
                  "vat": "9.1"
                },
                {
                  "taxCode": "VAT",
                  "taxName": "VAT: VAT",
                  "amount": "94.08",
                  "isSSR": false,
                  "vat": "0.00"
                },
                {
                  "taxCode": "S300",
                  "taxName": "NOK PREMIUM SEAT",
                  "amount": "327.10",
                  "isSSR": true,
                  "vat": "22.9"
                }
              ]
            },
            "fareBrand": "Lite",
            "baggageAllowance": "7kg cabin only",
            "hotelName": "Nimman Chiang Mai Hotel",
            "roomNumber": "204",
            "taxiCode": "TXCNX001"
          }
        ]
      },
      {
        "origin": "CNX",
        "destination": "DMK",
        "departureTime": "2025-08-23 02:00:00",
        "arrivalTime": "2025-08-23 03:00:00",
        "originName": "Chiang Mai International Airport",
        "destinationName": "BANGKOK DON MUEANG INTERNATIONAL AIRPORT",
        "travelInfos": [
          {
            "origin": "CNX",
            "destination": "DMK",
            "originName": "Chiang Mai International Airport",
            "destinationName": "BANGKOK DON MUEANG INTERNATIONAL AIRPORT",
            "departureTime": "2025-08-15 02:00:00",
            "arrivalTime": "2025-08-15 03:00:00",
            "flightNumber": "DD997",
            "duration": "1h0m"
          }
        ],
        "passengerDetails": [
          {
            "paxNumber": 1,
            "passengerType": "Adult",
            "title": "MR",
            "firstName": "ANUKUL",
            "lastName": "TEST",
            "middleName": "",
            "age": 38,
            "dateOfBirth": "1987-05-12",
            "mobilePhone": "+66916548569",
            "email": "cancelgo25@gmail.com",
            "isPrimary": true,
            "gender": "Male",
            "passportNumber": "",
            "expirationDate": "",
            "issueCountry": "",
            "nationality": "",
            "seatSelect": "19A",
            "fareType": "NOK LITE",
            "fareBasisCode": "URALIT00",
            "pricingDetails": {
              "fareAmount": "980.37",
              "fareVat": "68.63",
              "fareAmountIncludingTax": "1338.10",
              "taxesAndFees": [
                {
                  "taxCode": "AT",
                  "taxName": "AT: Airport Tax 130 THB for DOM",
                  "amount": "130.00",
                  "isSSR": false,
                  "vat": "9.1"
                },
                {
                  "taxCode": "VAT",
                  "taxName": "VAT: VAT",
                  "amount": "87.54",
                  "isSSR": false,
                  "vat": "0.00"
                },
                {
                  "taxCode": "S150",
                  "taxName": "HAPPY SEAT",
                  "amount": "140.19",
                  "isSSR": true,
                  "vat": "9.81"
                }
              ]
            },
            "fareBrand": "Lite",
            "baggageAllowance": "7kg cabin only",
            "hotelName": "Nimman Chiang Mai Hotel",
            "roomNumber": "205",
            "taxiCode": "TXCNX001"
          },
          {
            "paxNumber": 2,
            "passengerType": "Adult",
            "title": "MS",
            "firstName": "PAWEENA",
            "lastName": "TEST",
            "middleName": "",
            "age": 38,
            "dateOfBirth": "1987-01-12",
            "mobilePhone": "",
            "email": "",
            "isPrimary": false,
            "gender": "Male",
            "passportNumber": "",
            "expirationDate": "",
            "issueCountry": "",
            "nationality": "",
            "seatSelect": "18B",
            "fareType": "NOK LITE",
            "fareBasisCode": "URALIT00",
            "pricingDetails": {
              "fareAmount": "980.37",
              "fareVat": "68.63",
              "fareAmountIncludingTax": "1338.10",
              "taxesAndFees": [
                {
                  "taxCode": "AT",
                  "taxName": "AT: Airport Tax 130 THB for DOM",
                  "amount": "130.00",
                  "isSSR": false,
                  "vat": "9.1"
                },
                {
                  "taxCode": "VAT",
                  "taxName": "VAT",
                  "amount": "87.54",
                  "isSSR": false,
                  "vat": "0.00"
                },
                {
                  "taxCode": "S150",
                  "taxName": "HAPPY SEAT",
                  "amount": "140.19",
                  "isSSR": true,
                  "vat": "9.81"
                }
              ]
            },
            "fareBrand": "Lite",
            "baggageAllowance": "7kg cabin only",
            "hotelName": "Nimman Chiang Mai Hotel",
            "roomNumber": "206",
            "taxiCode": "TXCNX001"
          },
          {
            "paxNumber": 3,
            "passengerType": "Child",
            "title": "MR",
            "firstName": "RATIMA",
            "lastName": "TEST",
            "middleName": "",
            "age": 12,
            "dateOfBirth": "2013-05-12",
            "mobilePhone": "",
            "email": "",
            "isPrimary": false,
            "gender": "Male",
            "passportNumber": "",
            "expirationDate": "",
            "issueCountry": "",
            "nationality": "",
            "seatSelect": "20C",
            "fareType": "NOK LITE",
            "fareBasisCode": "URALIT00",
            "pricingDetails": {
              "fareAmount": "980.37",
              "fareVat": "68.63",
              "fareAmountIncludingTax": "1338.10",
              "taxesAndFees": [
                {
                  "taxCode": "AT",
                  "taxName": "AT: Airport Tax 130 THB for DOM",
                  "amount": "130.00",
                  "isSSR": false,
                  "vat": "9.1"
                },
                {
                  "taxCode": "VAT",
                  "taxName": "VAT",
                  "amount": "87.54",
                  "isSSR": false,
                  "vat": "0.00"
                },
                {
                  "taxCode": "S150",
                  "taxName": "HAPPY SEAT",
                  "amount": "140.19",
                  "isSSR": true,
                  "vat": "9.81"
                }
              ]
            },
            "fareBrand": "Lite",
            "baggageAllowance": "7kg cabin only",
            "hotelName": "Nimman Chiang Mai Hotel",
            "roomNumber": "207",
            "taxiCode": "TXCNX001"
          },
          {
            "paxNumber": 4,
            "passengerType": "Child",
            "title": "MR",
            "firstName": "RATIYA",
            "lastName": "TEST",
            "middleName": "",
            "age": 12,
            "dateOfBirth": "2013-05-12",
            "mobilePhone": "",
            "email": "",
            "isPrimary": false,
            "gender": "Male",
            "passportNumber": "",
            "expirationDate": "",
            "issueCountry": "",
            "nationality": "",
            "seatSelect": "20J",
            "fareType": "NOK LITE",
            "fareBasisCode": "URALIT00",
            "pricingDetails": {
              "fareAmount": "980.37",
              "fareVat": "68.63",
              "fareAmountIncludingTax": "1338.10",
              "taxesAndFees": [
                {
                  "taxCode": "AT",
                  "taxName": "AT: Airport Tax 130 THB for DOM",
                  "amount": "130.00",
                  "isSSR": false,
                  "vat": "9.1"
                },
                {
                  "taxCode": "VAT",
                  "taxName": "VAT",
                  "amount": "87.54",
                  "isSSR": false,
                  "vat": "0.00"
                },
                {
                  "taxCode": "S150",
                  "taxName": "HAPPY SEAT",
                  "amount": "140.19",
                  "isSSR": true,
                  "vat": "9.81"
                }
              ]
            },
            "fareBrand": "Lite",
            "baggageAllowance": "7kg cabin only",
            "hotelName": "Nimman Chiang Mai Hotel",
            "roomNumber": "208",
            "taxiCode": "TXCNX001"
          }
        ]
      }
    ],
    "payments": [
      {
        "paymentPayer": "",
        "paymentMethod": "INVC",
        "paymentAmount": "11404.8",
        "paymentCurrency": "THB",
        "paymentDate": "2025-07-21 16:57:38",
        "paymentStatus": "Paid"
      }
    ]
  }
}