{
    "code": 200,
    "responseStatus": "Success",
    "correlationId": "b0630ccc-3b19-444f-b53b-491c1697ca4c",
    "securityToken": "44278681ea15140905c8afibu1ubg562rczese5b7d31",
    "timestamp": "2025-07-22 14:46:02",
    "data": {
        "confirmationNumber": "4RSFSR",
        "bookingNumber": "10828195",
        "totalAmount": "20464.79",
        "currency": "THB",
        "status": "Paid",
        "bookDate": "2025-07-22 14:43:23",
        "holdTimeExpiredDate": "0001-01-01 07:00:00",
        "airlines": [
            {
                "origin": "DMK",
                "destination": "CNX",
                "departureTime": "2025-08-10 05:15:00",
                "arrivalTime": "2025-08-10 06:30:00",
                "originName": "BANGKOK DON MUEANG INTERNATIONAL AIRPORT",
                "destinationName": "Chiang Mai International Airport",
                "travelInfos": [
                    {
                        "origin": "DMK",
                        "destination": "CNX",
                        "originName": "BANGKOK DON MUEANG INTERNATIONAL AIRPORT",
                        "destinationName": "Chiang Mai International Airport",
                        "departureTime": "2025-08-10 05:15:00",
                        "arrivalTime": "2025-08-10 06:30:00",
                        "flightNumber": "DD122",
                        "duration": "1h15m"
                    }
                ],
                "passengerDetails": [
                    {
                        "paxNumber": 1,
                        "passengerType": "Adult",
                        "title": "MR",
                        "firstName": "ANUKUL",
                        "lastName": "TEST",
                        "middleName": "",
                        "age": 38,
                        "dateOfBirth": "1987-05-12",
                        "mobilePhone": "+66916548569",
                        "email": "cancelgo25@gmail.com",
                        "isPrimary": true,
                        "gender": "Male",
                        "passportNumber": "",
                        "expirationDate": "",
                        "issueCountry": "",
                        "nationality": "",
                        "seatSelect": "1C",
                        "fareType": "NOK MAX",
                        "fareBasisCode": "URAMAX00",
                        "pricingDetails": {
                            "fareAmount": "1494.39",
                            "fareVat": "104.61",
                            "fareAmountIncludingTax": "2648.09",
                            "taxesAndFees": [
                                {
                                    "taxCode": "AT",
                                    "taxName": "AT: Airport Tax 130 THB for DOM",
                                    "amount": "130.00",
                                    "isSSR": false,
                                    "vat": "9.1"
                                },
                                {
                                    "taxCode": "VAT",
                                    "taxName": "VAT: VAT",
                                    "amount": "173.24",
                                    "isSSR": false,
                                    "vat": "0.00"
                                },
                                {
                                    "taxCode": "S500",
                                    "taxName": "NOK PREMIUM SEAT FRONT ROW",
                                    "amount": "467.29",
                                    "isSSR": true,
                                    "vat": "32.71"
                                },
                                {
                                    "taxCode": "BG10",
                                    "taxName": "BAGGAGE 10 KGS",
                                    "amount": "327.10",
                                    "isSSR": true,
                                    "vat": "22.9"
                                },
                                {
                                    "taxCode": "BEV1",
                                    "taxName": "COKE",
                                    "amount": "56.07",
                                    "isSSR": true,
                                    "vat": "3.92"
                                },
                                {
                                    "taxCode": "MAX",
                                    "taxName": "NOK MAX",
                                    "amount": "0.00",
                                    "isSSR": true,
                                    "vat": "0.00"
                                },
                                {
                                    "taxCode": "MH00",
                                    "taxName": "INTER MEAL",
                                    "amount": "0.00",
                                    "isSSR": true,
                                    "vat": "0.00"
                                },
                                {
                                    "taxCode": "BB25",
                                    "taxName": "BAGGAGE 25 KGS",
                                    "amount": "0.00",
                                    "isSSR": true,
                                    "vat": "0.00"
                                },
                                {
                                    "taxCode": "NLFA",
                                    "taxName": "LOUNGE",
                                    "amount": "0.00",
                                    "isSSR": true,
                                    "vat": "0.00"
                                },
                                {
                                    "taxCode": "S300",
                                    "taxName": "NOK PREMIUM SEAT",
                                    "amount": "0.00",
                                    "isSSR": true,
                                    "vat": "0.00"
                                },
                                {
                                    "taxCode": "PBOD",
                                    "taxName": "PRIORITY BOARDING",
                                    "amount": "0.00",
                                    "isSSR": true,
                                    "vat": "0.00"
                                },
                                {
                                    "taxCode": "S150",
                                    "taxName": "HAPPY SEAT",
                                    "amount": "0.00",
                                    "isSSR": true,
                                    "vat": "0.00"
                                }
                            ]
                        }
                    },
                    {
                        "paxNumber": 2,
                        "passengerType": "Adult",
                        "title": "MS",
                        "firstName": "PAWEENA",
                        "lastName": "TEST",
                        "middleName": "",
                        "age": 38,
                        "dateOfBirth": "1987-01-12",
                        "mobilePhone": "",
                        "email": "",
                        "isPrimary": false,
                        "gender": "Male",
                        "passportNumber": "",
                        "expirationDate": "",
                        "issueCountry": "",
                        "nationality": "",
                        "seatSelect": "2A",
                        "fareType": "NOK MAX",
                        "fareBasisCode": "URAMAX00",
                        "pricingDetails": {
                            "fareAmount": "1494.39",
                            "fareVat": "104.61",
                            "fareAmountIncludingTax": "2088.10",
                            "taxesAndFees": [
                                {
                                    "taxCode": "AT",
                                    "taxName": "AT: Airport Tax 130 THB for DOM",
                                    "amount": "130.00",
                                    "isSSR": false,
                                    "vat": "9.1"
                                },
                                {
                                    "taxCode": "VAT",
                                    "taxName": "VAT: VAT",
                                    "amount": "136.61",
                                    "isSSR": false,
                                    "vat": "0.00"
                                },
                                {
                                    "taxCode": "BG10",
                                    "taxName": "BAGGAGE 10 KGS",
                                    "amount": "327.10",
                                    "isSSR": true,
                                    "vat": "22.9"
                                },
                                {
                                    "taxCode": "MAX",
                                    "taxName": "NOK MAX",
                                    "amount": "0.00",
                                    "isSSR": true,
                                    "vat": "0.00"
                                },
                                {
                                    "taxCode": "PBOD",
                                    "taxName": "PRIORITY BOARDING",
                                    "amount": "0.00",
                                    "isSSR": true,
                                    "vat": "0.00"
                                },
                                {
                                    "taxCode": "S150",
                                    "taxName": "HAPPY SEAT",
                                    "amount": "0.00",
                                    "isSSR": true,
                                    "vat": "0.00"
                                },
                                {
                                    "taxCode": "NLFA",
                                    "taxName": "LOUNGE",
                                    "amount": "0.00",
                                    "isSSR": true,
                                    "vat": "0.00"
                                },
                                {
                                    "taxCode": "MH00",
                                    "taxName": "INTER MEAL",
                                    "amount": "0.00",
                                    "isSSR": true,
                                    "vat": "0.00"
                                },
                                {
                                    "taxCode": "S300",
                                    "taxName": "NOK PREMIUM SEAT",
                                    "amount": "0.00",
                                    "isSSR": true,
                                    "vat": "0.00"
                                },
                                {
                                    "taxCode": "BB25",
                                    "taxName": "BAGGAGE 25 KGS",
                                    "amount": "0.00",
                                    "isSSR": true,
                                    "vat": "0.00"
                                }
                            ]
                        }
                    },
                    {
                        "paxNumber": 3,
                        "passengerType": "Child",
                        "title": "MR",
                        "firstName": "RATIMA",
                        "lastName": "TEST",
                        "middleName": "",
                        "age": 12,
                        "dateOfBirth": "2013-05-12",
                        "mobilePhone": "",
                        "email": "",
                        "isPrimary": false,
                        "gender": "Male",
                        "passportNumber": "",
                        "expirationDate": "",
                        "issueCountry": "",
                        "nationality": "",
                        "seatSelect": "2B",
                        "fareType": "NOK MAX",
                        "fareBasisCode": "URAMAX00",
                        "pricingDetails": {
                            "fareAmount": "1494.39",
                            "fareVat": "104.61",
                            "fareAmountIncludingTax": "2088.10",
                            "taxesAndFees": [
                                {
                                    "taxCode": "AT",
                                    "taxName": "AT: Airport Tax 130 THB for DOM",
                                    "amount": "130.00",
                                    "isSSR": false,
                                    "vat": "9.1"
                                },
                                {
                                    "taxCode": "VAT",
                                    "taxName": "VAT: VAT",
                                    "amount": "136.61",
                                    "isSSR": false,
                                    "vat": "0.00"
                                },
                                {
                                    "taxCode": "BG10",
                                    "taxName": "BAGGAGE 10 KGS",
                                    "amount": "327.10",
                                    "isSSR": true,
                                    "vat": "22.9"
                                },
                                {
                                    "taxCode": "S150",
                                    "taxName": "HAPPY SEAT",
                                    "amount": "0.00",
                                    "isSSR": true,
                                    "vat": "0.00"
                                },
                                {
                                    "taxCode": "NLFA",
                                    "taxName": "LOUNGE",
                                    "amount": "0.00",
                                    "isSSR": true,
                                    "vat": "0.00"
                                },
                                {
                                    "taxCode": "BB25",
                                    "taxName": "BAGGAGE 25 KGS",
                                    "amount": "0.00",
                                    "isSSR": true,
                                    "vat": "0.00"
                                },
                                {
                                    "taxCode": "PBOD",
                                    "taxName": "PRIORITY BOARDING",
                                    "amount": "0.00",
                                    "isSSR": true,
                                    "vat": "0.00"
                                },
                                {
                                    "taxCode": "MAX",
                                    "taxName": "NOK MAX",
                                    "amount": "0.00",
                                    "isSSR": true,
                                    "vat": "0.00"
                                },
                                {
                                    "taxCode": "S300",
                                    "taxName": "NOK PREMIUM SEAT",
                                    "amount": "0.00",
                                    "isSSR": true,
                                    "vat": "0.00"
                                },
                                {
                                    "taxCode": "MH00",
                                    "taxName": "INTER MEAL",
                                    "amount": "0.00",
                                    "isSSR": true,
                                    "vat": "0.00"
                                }
                            ]
                        }
                    },
                    {
                        "paxNumber": 4,
                        "passengerType": "Child",
                        "title": "MR",
                        "firstName": "RATIYA",
                        "lastName": "TEST",
                        "middleName": "",
                        "age": 12,
                        "dateOfBirth": "2013-05-12",
                        "mobilePhone": "",
                        "email": "",
                        "isPrimary": false,
                        "gender": "Male",
                        "passportNumber": "",
                        "expirationDate": "",
                        "issueCountry": "",
                        "nationality": "",
                        "seatSelect": "2C",
                        "fareType": "NOK MAX",
                        "fareBasisCode": "URAMAX00",
                        "pricingDetails": {
                            "fareAmount": "1494.39",
                            "fareVat": "104.61",
                            "fareAmountIncludingTax": "2088.10",
                            "taxesAndFees": [
                                {
                                    "taxCode": "AT",
                                    "taxName": "AT: Airport Tax 130 THB for DOM",
                                    "amount": "130.00",
                                    "isSSR": false,
                                    "vat": "9.1"
                                },
                                {
                                    "taxCode": "VAT",
                                    "taxName": "VAT",
                                    "amount": "136.61",
                                    "isSSR": false,
                                    "vat": "0.00"
                                },
                                {
                                    "taxCode": "BG10",
                                    "taxName": "BAGGAGE 10 KGS",
                                    "amount": "327.10",
                                    "isSSR": true,
                                    "vat": "22.9"
                                },
                                {
                                    "taxCode": "BB25",
                                    "taxName": "BAGGAGE 25 KGS",
                                    "amount": "0.00",
                                    "isSSR": true,
                                    "vat": "0.00"
                                },
                                {
                                    "taxCode": "MAX",
                                    "taxName": "NOK MAX",
                                    "amount": "0.00",
                                    "isSSR": true,
                                    "vat": "0.00"
                                },
                                {
                                    "taxCode": "S150",
                                    "taxName": "HAPPY SEAT",
                                    "amount": "0.00",
                                    "isSSR": true,
                                    "vat": "0.00"
                                },
                                {
                                    "taxCode": "MH00",
                                    "taxName": "INTER MEAL",
                                    "amount": "0.00",
                                    "isSSR": true,
                                    "vat": "0.00"
                                },
                                {
                                    "taxCode": "PBOD",
                                    "taxName": "PRIORITY BOARDING",
                                    "amount": "0.00",
                                    "isSSR": true,
                                    "vat": "0.00"
                                },
                                {
                                    "taxCode": "S300",
                                    "taxName": "NOK PREMIUM SEAT",
                                    "amount": "0.00",
                                    "isSSR": true,
                                    "vat": "0.00"
                                },
                                {
                                    "taxCode": "NLFA",
                                    "taxName": "LOUNGE",
                                    "amount": "0.00",
                                    "isSSR": true,
                                    "vat": "0.00"
                                }
                            ]
                        }
                    }
                ]
            },
            {
                "origin": "CNX",
                "destination": "DMK",
                "departureTime": "2025-08-15 02:00:00",
                "arrivalTime": "2025-08-15 03:00:00",
                "originName": "Chiang Mai International Airport",
                "destinationName": "BANGKOK DON MUEANG INTERNATIONAL AIRPORT",
                "travelInfos": [
                    {
                        "origin": "CNX",
                        "destination": "DMK",
                        "originName": "Chiang Mai International Airport",
                        "destinationName": "BANGKOK DON MUEANG INTERNATIONAL AIRPORT",
                        "departureTime": "2025-08-15 02:00:00",
                        "arrivalTime": "2025-08-15 03:00:00",
                        "flightNumber": "DD997",
                        "duration": "1h0m"
                    }
                ],
                "passengerDetails": [
                    {
                        "paxNumber": 1,
                        "passengerType": "Adult",
                        "title": "MR",
                        "firstName": "ANUKUL",
                        "lastName": "TEST",
                        "middleName": "",
                        "age": 38,
                        "dateOfBirth": "1987-05-12",
                        "mobilePhone": "+66916548569",
                        "email": "cancelgo25@gmail.com",
                        "isPrimary": true,
                        "gender": "Male",
                        "passportNumber": "",
                        "expirationDate": "",
                        "issueCountry": "",
                        "nationality": "",
                        "seatSelect": "4A",
                        "fareType": "NOK XTRA",
                        "fareBasisCode": "URAXTR00",
                        "pricingDetails": {
                            "fareAmount": "1447.66",
                            "fareVat": "101.34",
                            "fareAmountIncludingTax": "2888.10",
                            "taxesAndFees": [
                                {
                                    "taxCode": "AT",
                                    "taxName": "AT: Airport Tax 130 THB for DOM",
                                    "amount": "130.00",
                                    "isSSR": false,
                                    "vat": "9.1"
                                },
                                {
                                    "taxCode": "VAT",
                                    "taxName": "VAT",
                                    "amount": "188.95",
                                    "isSSR": false,
                                    "vat": "0.00"
                                },
                                {
                                    "taxCode": "S300",
                                    "taxName": "NOK PREMIUM SEAT",
                                    "amount": "327.10",
                                    "isSSR": true,
                                    "vat": "22.9"
                                },
                                {
                                    "taxCode": "BG20",
                                    "taxName": "BAGGAGE 20 KGS",
                                    "amount": "794.39",
                                    "isSSR": true,
                                    "vat": "55.61"
                                },
                                {
                                    "taxCode": "XTR",
                                    "taxName": "NOK X-TRA",
                                    "amount": "0.00",
                                    "isSSR": true,
                                    "vat": "0.00"
                                },
                                {
                                    "taxCode": "S150",
                                    "taxName": "HAPPY SEAT",
                                    "amount": "0.00",
                                    "isSSR": true,
                                    "vat": "0.00"
                                },
                                {
                                    "taxCode": "BB15",
                                    "taxName": "BAGGAGE 15 KGS",
                                    "amount": "0.00",
                                    "isSSR": true,
                                    "vat": "0.00"
                                }
                            ]
                        }
                    },
                    {
                        "paxNumber": 2,
                        "passengerType": "Adult",
                        "title": "MS",
                        "firstName": "PAWEENA",
                        "lastName": "TEST",
                        "middleName": "",
                        "age": 38,
                        "dateOfBirth": "1987-01-12",
                        "mobilePhone": "",
                        "email": "",
                        "isPrimary": false,
                        "gender": "Male",
                        "passportNumber": "",
                        "expirationDate": "",
                        "issueCountry": "",
                        "nationality": "",
                        "seatSelect": "2A",
                        "fareType": "NOK XTRA",
                        "fareBasisCode": "URAXTR00",
                        "pricingDetails": {
                            "fareAmount": "1447.66",
                            "fareVat": "101.34",
                            "fareAmountIncludingTax": "2888.10",
                            "taxesAndFees": [
                                {
                                    "taxCode": "AT",
                                    "taxName": "AT: Airport Tax 130 THB for DOM",
                                    "amount": "130.00",
                                    "isSSR": false,
                                    "vat": "9.1"
                                },
                                {
                                    "taxCode": "VAT",
                                    "taxName": "VAT",
                                    "amount": "188.95",
                                    "isSSR": false,
                                    "vat": "0.00"
                                },
                                {
                                    "taxCode": "S300",
                                    "taxName": "NOK PREMIUM SEAT",
                                    "amount": "327.10",
                                    "isSSR": true,
                                    "vat": "22.9"
                                },
                                {
                                    "taxCode": "BG20",
                                    "taxName": "BAGGAGE 20 KGS",
                                    "amount": "794.39",
                                    "isSSR": true,
                                    "vat": "55.61"
                                },
                                {
                                    "taxCode": "XTR",
                                    "taxName": "NOK X-TRA",
                                    "amount": "0.00",
                                    "isSSR": true,
                                    "vat": "0.00"
                                },
                                {
                                    "taxCode": "S150",
                                    "taxName": "HAPPY SEAT",
                                    "amount": "0.00",
                                    "isSSR": true,
                                    "vat": "0.00"
                                },
                                {
                                    "taxCode": "BB15",
                                    "taxName": "BAGGAGE 15 KGS",
                                    "amount": "0.00",
                                    "isSSR": true,
                                    "vat": "0.00"
                                }
                            ]
                        }
                    },
                    {
                        "paxNumber": 3,
                        "passengerType": "Child",
                        "title": "MR",
                        "firstName": "RATIMA",
                        "lastName": "TEST",
                        "middleName": "",
                        "age": 12,
                        "dateOfBirth": "2013-05-12",
                        "mobilePhone": "",
                        "email": "",
                        "isPrimary": false,
                        "gender": "Male",
                        "passportNumber": "",
                        "expirationDate": "",
                        "issueCountry": "",
                        "nationality": "",
                        "seatSelect": "2B",
                        "fareType": "NOK XTRA",
                        "fareBasisCode": "URAXTR00",
                        "pricingDetails": {
                            "fareAmount": "1447.66",
                            "fareVat": "101.34",
                            "fareAmountIncludingTax": "2888.10",
                            "taxesAndFees": [
                                {
                                    "taxCode": "AT",
                                    "taxName": "AT: Airport Tax 130 THB for DOM",
                                    "amount": "130.00",
                                    "isSSR": false,
                                    "vat": "9.1"
                                },
                                {
                                    "taxCode": "VAT",
                                    "taxName": "VAT",
                                    "amount": "188.95",
                                    "isSSR": false,
                                    "vat": "0.00"
                                },
                                {
                                    "taxCode": "BG20",
                                    "taxName": "BAGGAGE 20 KGS",
                                    "amount": "794.39",
                                    "isSSR": true,
                                    "vat": "55.61"
                                },
                                {
                                    "taxCode": "S300",
                                    "taxName": "NOK PREMIUM SEAT",
                                    "amount": "327.10",
                                    "isSSR": true,
                                    "vat": "22.9"
                                },
                                {
                                    "taxCode": "XTR",
                                    "taxName": "NOK X-TRA",
                                    "amount": "0.00",
                                    "isSSR": true,
                                    "vat": "0.00"
                                },
                                {
                                    "taxCode": "BB15",
                                    "taxName": "BAGGAGE 15 KGS",
                                    "amount": "0.00",
                                    "isSSR": true,
                                    "vat": "0.00"
                                },
                                {
                                    "taxCode": "S150",
                                    "taxName": "HAPPY SEAT",
                                    "amount": "0.00",
                                    "isSSR": true,
                                    "vat": "0.00"
                                }
                            ]
                        }
                    },
                    {
                        "paxNumber": 4,
                        "passengerType": "Child",
                        "title": "MR",
                        "firstName": "RATIYA",
                        "lastName": "TEST",
                        "middleName": "",
                        "age": 12,
                        "dateOfBirth": "2013-05-12",
                        "mobilePhone": "",
                        "email": "",
                        "isPrimary": false,
                        "gender": "Male",
                        "passportNumber": "",
                        "expirationDate": "",
                        "issueCountry": "",
                        "nationality": "",
                        "seatSelect": "2C",
                        "fareType": "NOK XTRA",
                        "fareBasisCode": "URAXTR00",
                        "pricingDetails": {
                            "fareAmount": "1447.66",
                            "fareVat": "101.34",
                            "fareAmountIncludingTax": "2888.10",
                            "taxesAndFees": [
                                {
                                    "taxCode": "AT",
                                    "taxName": "AT: Airport Tax 130 THB for DOM",
                                    "amount": "130.00",
                                    "isSSR": false,
                                    "vat": "9.1"
                                },
                                {
                                    "taxCode": "VAT",
                                    "taxName": "VAT",
                                    "amount": "188.95",
                                    "isSSR": false,
                                    "vat": "0.00"
                                },
                                {
                                    "taxCode": "BG20",
                                    "taxName": "BAGGAGE 20 KGS",
                                    "amount": "794.39",
                                    "isSSR": true,
                                    "vat": "55.61"
                                },
                                {
                                    "taxCode": "S300",
                                    "taxName": "NOK PREMIUM SEAT",
                                    "amount": "327.10",
                                    "isSSR": true,
                                    "vat": "22.9"
                                },
                                {
                                    "taxCode": "XTR",
                                    "taxName": "NOK X-TRA",
                                    "amount": "0.00",
                                    "isSSR": true,
                                    "vat": "0.00"
                                },
                                {
                                    "taxCode": "BB15",
                                    "taxName": "BAGGAGE 15 KGS",
                                    "amount": "0.00",
                                    "isSSR": true,
                                    "vat": "0.00"
                                },
                                {
                                    "taxCode": "S150",
                                    "taxName": "HAPPY SEAT",
                                    "amount": "0.00",
                                    "isSSR": true,
                                    "vat": "0.00"
                                }
                            ]
                        }
                    }
                ]
            }
        ],
        "payments": [
            {
                "paymentPayer": "",
                "paymentMethod": "INVC",
                "paymentAmount": "20464.79",
                "paymentCurrency": "THB",
                "paymentDate": "2025-07-22 14:45:44",
                "paymentStatus": "Paid"
            }
        ]
    }
}